Test name, Number, Time
MethodNoReflection, 1, 0.078
MethodNoReflection, 2, 0.073
MethodNoReflection, 3, 0.074
MethodNoReflection, 4, 0.091
MethodNoReflection, 5, 0.074
MethodNoReflection, 6, 0.080
MethodNoReflection, 7, 0.081
MethodNoReflection, 8, 0.079
MethodNoReflection, 9, 0.072
MethodNoReflection, 10, 0.074
MethodNoReflection, 11, 0.078
MethodNoReflection, 12, 0.072
MethodNoReflection, 13, 0.077
MethodNoReflection, 14, 0.073
MethodNoReflection, 15, 0.072
MethodNoReflection, 16, 0.071
MethodNoReflection, 17, 0.081
MethodNoReflection, 18, 0.074
MethodNoReflection, 19, 0.073
MethodNoReflection, 20, 0.071
MethodNoReflection, 21, 0.078
MethodNoReflection, 22, 0.073
MethodNoReflection, 23, 0.081
MethodNoReflection, 24, 0.073
MethodNoReflection, 25, 0.075
MethodNoReflection, 26, 0.080
MethodNoReflection, 27, 0.077
MethodNoReflection, 28, 0.075
MethodNoReflection, 29, 0.076
MethodNoReflection, 30, 0.074
MethodNoReflection, 31, 0.074
MethodNoReflection, 32, 0.073
MethodNoReflection, 33, 0.078
MethodNoReflection, 34, 0.072
MethodNoReflection, 35, 0.070
MethodNoReflection, 36, 0.071
MethodNoReflection, 37, 0.074
MethodNoReflection, 38, 0.073
MethodNoReflection, 39, 0.076
MethodNoReflection, 40, 0.076
MethodNoReflection, 41, 0.072
MethodNoReflection, 42, 0.073
MethodNoReflection, 43, 0.072
MethodNoReflection, 44, 0.073
MethodNoReflection, 45, 0.073
MethodNoReflection, 46, 0.081
MethodNoReflection, 47, 0.077
MethodNoReflection, 48, 0.090
MethodNoReflection, 49, 0.074
MethodNoReflection, 50, 0.074
MethodNoReflection, 51, 0.073
MethodNoReflection, 52, 0.071
MethodNoReflection, 53, 0.077
MethodNoReflection, 54, 0.078
MethodNoReflection, 55, 0.072
MethodNoReflection, 56, 0.076
MethodNoReflection, 57, 0.067
MethodNoReflection, 58, 0.070
MethodNoReflection, 59, 0.070
MethodNoReflection, 60, 0.074
MethodNoReflection, 61, 0.073
MethodNoReflection, 62, 0.076
MethodNoReflection, 63, 0.075
MethodNoReflection, 64, 0.078
MethodNoReflection, 65, 0.083
MethodNoReflection, 66, 0.093
MethodNoReflection, 67, 0.071
MethodNoReflection, 68, 0.076
MethodNoReflection, 69, 0.073
MethodNoReflection, 70, 0.074
MethodNoReflection, 71, 0.080
MethodNoReflection, 72, 0.074
MethodNoReflection, 73, 0.071
MethodNoReflection, 74, 0.072
MethodNoReflection, 75, 0.075
MethodNoReflection, 76, 0.077
MethodNoReflection, 77, 0.084
MethodNoReflection, 78, 0.082
MethodNoReflection, 79, 0.077
MethodNoReflection, 80, 0.080
MethodNoReflection, 81, 0.073
MethodNoReflection, 82, 0.078
MethodNoReflection, 83, 0.074
MethodNoReflection, 84, 0.071
MethodNoReflection, 85, 0.073
MethodNoReflection, 86, 0.075
MethodNoReflection, 87, 0.078
MethodNoReflection, 88, 0.086
MethodNoReflection, 89, 0.071
MethodNoReflection, 90, 0.077
MethodNoReflection, 91, 0.075
MethodNoReflection, 92, 0.071
MethodNoReflection, 93, 0.071
MethodNoReflection, 94, 0.077
MethodNoReflection, 95, 0.075
MethodNoReflection, 96, 0.077
MethodNoReflection, 97, 0.076
MethodNoReflection, 98, 0.083
MethodNoReflection, 99, 0.074
MethodNoReflection, 100, 0.082
MethodNoReflection, 101, 0.083
MethodNoReflection, 102, 0.075
MethodNoReflection, 103, 0.081
MethodNoReflection, 104, 0.076
MethodNoReflection, 105, 0.077
MethodNoReflection, 106, 0.078
MethodNoReflection, 107, 0.075
MethodNoReflection, 108, 0.072
MethodNoReflection, 109, 0.071
MethodNoReflection, 110, 0.074
MethodNoReflection, 111, 0.076
MethodNoReflection, 112, 0.070
MethodNoReflection, 113, 0.072
MethodNoReflection, 114, 0.070
MethodNoReflection, 115, 0.076
MethodNoReflection, 116, 0.072
MethodNoReflection, 117, 0.081
MethodNoReflection, 118, 0.084
MethodNoReflection, 119, 0.084
MethodNoReflection, 120, 0.074
MethodNoReflection, 121, 0.073
MethodNoReflection, 122, 0.078
MethodNoReflection, 123, 0.072
MethodNoReflection, 124, 0.073
MethodNoReflection, 125, 0.076
MethodNoReflection, 126, 0.078
MethodNoReflection, 127, 0.081
MethodNoReflection, 128, 0.074
MethodNoReflection, 129, 0.071
MethodNoReflection, 130, 0.079
MethodNoReflection, 131, 0.071
MethodNoReflection, 132, 0.086
MethodNoReflection, 133, 0.073
MethodNoReflection, 134, 0.076
MethodNoReflection, 135, 0.073
MethodNoReflection, 136, 0.077
MethodNoReflection, 137, 0.072
MethodNoReflection, 138, 0.074
MethodNoReflection, 139, 0.073
MethodNoReflection, 140, 0.085
MethodNoReflection, 141, 0.068
MethodNoReflection, 142, 0.079
MethodNoReflection, 143, 0.073
MethodNoReflection, 144, 0.071
MethodNoReflection, 145, 0.073
MethodNoReflection, 146, 0.072
MethodNoReflection, 147, 0.075
MethodNoReflection, 148, 0.076
MethodNoReflection, 149, 0.074
MethodNoReflection, 150, 0.074
MethodNoReflection, 151, 0.079
MethodNoReflection, 152, 0.073
MethodNoReflection, 153, 0.075
MethodNoReflection, 154, 0.072
MethodNoReflection, 155, 0.067
MethodNoReflection, 156, 0.075
MethodNoReflection, 157, 0.073
MethodNoReflection, 158, 0.076
MethodNoReflection, 159, 0.078
MethodNoReflection, 160, 0.075
MethodNoReflection, 161, 0.071
MethodNoReflection, 162, 0.076
MethodNoReflection, 163, 0.077
MethodNoReflection, 164, 0.078
MethodNoReflection, 165, 0.082
MethodNoReflection, 166, 0.082
MethodNoReflection, 167, 0.071
MethodNoReflection, 168, 0.074
MethodNoReflection, 169, 0.080
MethodNoReflection, 170, 0.074
MethodNoReflection, 171, 0.085
MethodNoReflection, 172, 0.074
MethodNoReflection, 173, 0.075
MethodNoReflection, 174, 0.076
MethodNoReflection, 175, 0.074
MethodNoReflection, 176, 0.070
MethodNoReflection, 177, 0.083
MethodNoReflection, 178, 0.071
MethodNoReflection, 179, 0.072
MethodNoReflection, 180, 0.071
MethodNoReflection, 181, 0.068
MethodNoReflection, 182, 0.076
MethodNoReflection, 183, 0.076
MethodNoReflection, 184, 0.068
MethodNoReflection, 185, 0.079
MethodNoReflection, 186, 0.074
MethodNoReflection, 187, 0.067
MethodNoReflection, 188, 0.072
MethodNoReflection, 189, 0.068
MethodNoReflection, 190, 0.073
MethodNoReflection, 191, 0.070
MethodNoReflection, 192, 0.071
MethodNoReflection, 193, 0.073
MethodNoReflection, 194, 0.073
MethodNoReflection, 195, 0.074
MethodNoReflection, 196, 0.069
MethodNoReflection, 197, 0.071
MethodNoReflection, 198, 0.071
MethodNoReflection, 199, 0.092
MethodNoReflection, 200, 0.077
MethodNoReflection, 201, 0.082
MethodNoReflection, 202, 0.074
MethodNoReflection, 203, 0.074
MethodNoReflection, 204, 0.071
MethodNoReflection, 205, 0.073
MethodNoReflection, 206, 0.076
MethodNoReflection, 207, 0.080
MethodNoReflection, 208, 0.079
MethodNoReflection, 209, 0.073
MethodNoReflection, 210, 0.074
MethodNoReflection, 211, 0.068
MethodNoReflection, 212, 0.074
MethodNoReflection, 213, 0.073
MethodNoReflection, 214, 0.070
MethodNoReflection, 215, 0.078
MethodNoReflection, 216, 0.073
MethodNoReflection, 217, 0.077
MethodNoReflection, 218, 0.075
MethodNoReflection, 219, 0.080
MethodNoReflection, 220, 0.070
MethodNoReflection, 221, 0.078
MethodNoReflection, 222, 0.070
MethodNoReflection, 223, 0.074
MethodNoReflection, 224, 0.073
MethodNoReflection, 225, 0.077
MethodNoReflection, 226, 0.074
MethodNoReflection, 227, 0.082
MethodNoReflection, 228, 0.073
MethodNoReflection, 229, 0.069
MethodNoReflection, 230, 0.087
MethodNoReflection, 231, 0.074
MethodNoReflection, 232, 0.066
MethodNoReflection, 233, 0.085
MethodNoReflection, 234, 0.085
MethodNoReflection, 235, 0.078
MethodNoReflection, 236, 0.082
MethodNoReflection, 237, 0.078
MethodNoReflection, 238, 0.076
MethodNoReflection, 239, 0.071
MethodNoReflection, 240, 0.075
MethodNoReflection, 241, 0.080
MethodNoReflection, 242, 0.072
MethodNoReflection, 243, 0.069
MethodNoReflection, 244, 0.071
MethodNoReflection, 245, 0.070
MethodNoReflection, 246, 0.075
MethodNoReflection, 247, 0.075
MethodNoReflection, 248, 0.079
MethodNoReflection, 249, 0.073
MethodNoReflection, 250, 0.087
MethodNoReflection, 251, 0.075
MethodNoReflection, 252, 0.070
MethodNoReflection, 253, 0.072
MethodNoReflection, 254, 0.073
MethodNoReflection, 255, 0.075
MethodNoReflection, 256, 0.080
MethodNoReflection, 257, 0.073
MethodNoReflection, 258, 0.072
MethodNoReflection, 259, 0.077
MethodNoReflection, 260, 0.071
MethodNoReflection, 261, 0.079
MethodNoReflection, 262, 0.079
MethodNoReflection, 263, 0.070
MethodNoReflection, 264, 0.084
MethodNoReflection, 265, 0.088
MethodNoReflection, 266, 0.081
MethodNoReflection, 267, 0.074
MethodNoReflection, 268, 0.079
MethodNoReflection, 269, 0.080
MethodNoReflection, 270, 0.073
MethodNoReflection, 271, 0.077
MethodNoReflection, 272, 0.072
MethodNoReflection, 273, 0.073
MethodNoReflection, 274, 0.073
MethodNoReflection, 275, 0.081
MethodNoReflection, 276, 0.076
MethodNoReflection, 277, 0.072
MethodNoReflection, 278, 0.086
MethodNoReflection, 279, 0.077
MethodNoReflection, 280, 0.083
MethodNoReflection, 281, 0.071
MethodNoReflection, 282, 0.071
MethodNoReflection, 283, 0.074
MethodNoReflection, 284, 0.072
MethodNoReflection, 285, 0.075
MethodNoReflection, 286, 0.086
MethodNoReflection, 287, 0.079
MethodNoReflection, 288, 0.069
MethodNoReflection, 289, 0.072
MethodNoReflection, 290, 0.071
MethodNoReflection, 291, 0.075
MethodNoReflection, 292, 0.067
MethodNoReflection, 293, 0.070
MethodNoReflection, 294, 0.076
MethodNoReflection, 295, 0.070
MethodNoReflection, 296, 0.070
MethodNoReflection, 297, 0.066
MethodNoReflection, 298, 0.073
MethodNoReflection, 299, 0.076
MethodNoReflection, 300, 0.077
MethodNoReflection, 301, 0.070
MethodNoReflection, 302, 0.077
MethodNoReflection, 303, 0.071
MethodNoReflection, 304, 0.075
MethodNoReflection, 305, 0.071
MethodNoReflection, 306, 0.072
MethodNoReflection, 307, 0.078
MethodNoReflection, 308, 0.070
MethodNoReflection, 309, 0.076
MethodNoReflection, 310, 0.080
MethodNoReflection, 311, 0.074
MethodNoReflection, 312, 0.072
MethodNoReflection, 313, 0.077
MethodNoReflection, 314, 0.076
MethodNoReflection, 315, 0.074
MethodNoReflection, 316, 0.070
MethodNoReflection, 317, 0.075
MethodNoReflection, 318, 0.081
MethodNoReflection, 319, 0.073
MethodNoReflection, 320, 0.077
MethodNoReflection, 321, 0.078
MethodNoReflection, 322, 0.077
MethodNoReflection, 323, 0.077
MethodNoReflection, 324, 0.072
MethodNoReflection, 325, 0.074
MethodNoReflection, 326, 0.072
MethodNoReflection, 327, 0.070
MethodNoReflection, 328, 0.073
MethodNoReflection, 329, 0.074
MethodNoReflection, 330, 0.071
MethodNoReflection, 331, 0.074
MethodNoReflection, 332, 0.109
MethodNoReflection, 333, 0.073
MethodNoReflection, 334, 0.077
MethodNoReflection, 335, 0.081
MethodNoReflection, 336, 0.074
MethodNoReflection, 337, 0.075
MethodNoReflection, 338, 0.070
MethodNoReflection, 339, 0.073
MethodNoReflection, 340, 0.076
MethodNoReflection, 341, 0.079
MethodNoReflection, 342, 0.076
MethodNoReflection, 343, 0.070
MethodNoReflection, 344, 0.071
MethodNoReflection, 345, 0.072
MethodNoReflection, 346, 0.080
MethodNoReflection, 347, 0.072
MethodNoReflection, 348, 0.073
MethodNoReflection, 349, 0.085
MethodNoReflection, 350, 0.076
MethodNoReflection, 351, 0.070
MethodNoReflection, 352, 0.077
MethodNoReflection, 353, 0.075
MethodNoReflection, 354, 0.076
MethodNoReflection, 355, 0.072
MethodNoReflection, 356, 0.087
MethodNoReflection, 357, 0.079
MethodNoReflection, 358, 0.077
MethodNoReflection, 359, 0.073
MethodNoReflection, 360, 0.074
MethodNoReflection, 361, 0.075
MethodNoReflection, 362, 0.078
MethodNoReflection, 363, 0.070
MethodNoReflection, 364, 0.076
MethodNoReflection, 365, 0.073
MethodNoReflection, 366, 0.072
MethodNoReflection, 367, 0.080
MethodNoReflection, 368, 0.072
MethodNoReflection, 369, 0.073
MethodNoReflection, 370, 0.073
MethodNoReflection, 371, 0.073
MethodNoReflection, 372, 0.078
MethodNoReflection, 373, 0.071
MethodNoReflection, 374, 0.085
MethodNoReflection, 375, 0.071
MethodNoReflection, 376, 0.073
MethodNoReflection, 377, 0.072
MethodNoReflection, 378, 0.079
MethodNoReflection, 379, 0.078
MethodNoReflection, 380, 0.073
MethodNoReflection, 381, 0.076
MethodNoReflection, 382, 0.076
MethodNoReflection, 383, 0.069
MethodNoReflection, 384, 0.072
MethodNoReflection, 385, 0.077
MethodNoReflection, 386, 0.071
MethodNoReflection, 387, 0.080
MethodNoReflection, 388, 0.082
MethodNoReflection, 389, 0.077
MethodNoReflection, 390, 0.077
MethodNoReflection, 391, 0.090
MethodNoReflection, 392, 0.076
MethodNoReflection, 393, 0.072
MethodNoReflection, 394, 0.078
MethodNoReflection, 395, 0.077
MethodNoReflection, 396, 0.077
MethodNoReflection, 397, 0.074
MethodNoReflection, 398, 0.094
MethodNoReflection, 399, 0.068
MethodNoReflection, 400, 0.071
MethodNoReflection, 401, 0.073
MethodNoReflection, 402, 0.076
MethodNoReflection, 403, 0.072
MethodNoReflection, 404, 0.074
MethodNoReflection, 405, 0.069
MethodNoReflection, 406, 0.075
MethodNoReflection, 407, 0.073
MethodNoReflection, 408, 0.074
MethodNoReflection, 409, 0.069
MethodNoReflection, 410, 0.083
MethodNoReflection, 411, 0.073
MethodNoReflection, 412, 0.069
MethodNoReflection, 413, 0.074
MethodNoReflection, 414, 0.080
MethodNoReflection, 415, 0.080
MethodNoReflection, 416, 0.075
MethodNoReflection, 417, 0.075
MethodNoReflection, 418, 0.071
MethodNoReflection, 419, 0.071
MethodNoReflection, 420, 0.073
MethodNoReflection, 421, 0.078
MethodNoReflection, 422, 0.074
MethodNoReflection, 423, 0.079
MethodNoReflection, 424, 0.078
MethodNoReflection, 425, 0.077
MethodNoReflection, 426, 0.079
MethodNoReflection, 427, 0.077
MethodNoReflection, 428, 0.067
MethodNoReflection, 429, 0.077
MethodNoReflection, 430, 0.079
MethodNoReflection, 431, 0.085
MethodNoReflection, 432, 0.073
MethodNoReflection, 433, 0.072
MethodNoReflection, 434, 0.076
MethodNoReflection, 435, 0.072
MethodNoReflection, 436, 0.076
MethodNoReflection, 437, 0.072
MethodNoReflection, 438, 0.074
MethodNoReflection, 439, 0.074
MethodNoReflection, 440, 0.069
MethodNoReflection, 441, 0.069
MethodNoReflection, 442, 0.077
MethodNoReflection, 443, 0.074
MethodNoReflection, 444, 0.084
MethodNoReflection, 445, 0.076
MethodNoReflection, 446, 0.071
MethodNoReflection, 447, 0.072
MethodNoReflection, 448, 0.074
MethodNoReflection, 449, 0.071
MethodNoReflection, 450, 0.074
MethodNoReflection, 451, 0.066
MethodNoReflection, 452, 0.080
MethodNoReflection, 453, 0.073
MethodNoReflection, 454, 0.078
MethodNoReflection, 455, 0.074
MethodNoReflection, 456, 0.074
MethodNoReflection, 457, 0.077
MethodNoReflection, 458, 0.080
MethodNoReflection, 459, 0.078
MethodNoReflection, 460, 0.075
MethodNoReflection, 461, 0.070
MethodNoReflection, 462, 0.076
MethodNoReflection, 463, 0.073
MethodNoReflection, 464, 0.076
MethodNoReflection, 465, 0.091
MethodNoReflection, 466, 0.078
MethodNoReflection, 467, 0.073
MethodNoReflection, 468, 0.070
MethodNoReflection, 469, 0.074
MethodNoReflection, 470, 0.070
MethodNoReflection, 471, 0.073
MethodNoReflection, 472, 0.073
MethodNoReflection, 473, 0.070
MethodNoReflection, 474, 0.066
MethodNoReflection, 475, 0.078
MethodNoReflection, 476, 0.072
MethodNoReflection, 477, 0.073
MethodNoReflection, 478, 0.076
MethodNoReflection, 479, 0.081
MethodNoReflection, 480, 0.073
MethodNoReflection, 481, 0.070
MethodNoReflection, 482, 0.074
MethodNoReflection, 483, 0.073
MethodNoReflection, 484, 0.080
MethodNoReflection, 485, 0.075
MethodNoReflection, 486, 0.073
MethodNoReflection, 487, 0.079
MethodNoReflection, 488, 0.079
MethodNoReflection, 489, 0.076
MethodNoReflection, 490, 0.075
MethodNoReflection, 491, 0.067
MethodNoReflection, 492, 0.073
MethodNoReflection, 493, 0.073
MethodNoReflection, 494, 0.075
MethodNoReflection, 495, 0.080
MethodNoReflection, 496, 0.075
MethodNoReflection, 497, 0.073
MethodNoReflection, 498, 0.078
MethodNoReflection, 499, 0.073
MethodNoReflection, 500, 0.070
MethodReflection, 1, 3.768
MethodReflection, 2, 3.784
MethodReflection, 3, 3.775
MethodReflection, 4, 3.935
MethodReflection, 5, 3.789
MethodReflection, 6, 3.924
MethodReflection, 7, 3.726
MethodReflection, 8, 3.694
MethodReflection, 9, 3.752
MethodReflection, 10, 3.755
MethodReflection, 11, 3.683
MethodReflection, 12, 3.707
MethodReflection, 13, 3.820
MethodReflection, 14, 3.858
MethodReflection, 15, 3.743
MethodReflection, 16, 3.732
MethodReflection, 17, 3.652
MethodReflection, 18, 3.721
MethodReflection, 19, 4.139
MethodReflection, 20, 3.678
MethodReflection, 21, 3.942
MethodReflection, 22, 3.732
MethodReflection, 23, 2.687
MethodReflection, 24, 4.000
MethodReflection, 25, 3.826
MethodReflection, 26, 3.711
MethodReflection, 27, 3.682
MethodReflection, 28, 3.681
MethodReflection, 29, 3.783
MethodReflection, 30, 3.754
MethodReflection, 31, 3.794
MethodReflection, 32, 3.819
MethodReflection, 33, 3.695
MethodReflection, 34, 3.789
MethodReflection, 35, 3.874
MethodReflection, 36, 3.871
MethodReflection, 37, 3.746
MethodReflection, 38, 3.753
MethodReflection, 39, 3.692
MethodReflection, 40, 3.749
MethodReflection, 41, 3.734
MethodReflection, 42, 3.720
MethodReflection, 43, 3.690
MethodReflection, 44, 4.057
MethodReflection, 45, 3.689
MethodReflection, 46, 3.674
MethodReflection, 47, 3.722
MethodReflection, 48, 3.715
MethodReflection, 49, 3.741
MethodReflection, 50, 3.760
MethodReflection, 51, 3.936
MethodReflection, 52, 3.682
MethodReflection, 53, 3.766
MethodReflection, 54, 3.699
MethodReflection, 55, 3.737
MethodReflection, 56, 3.865
MethodReflection, 57, 3.785
MethodReflection, 58, 2.776
MethodReflection, 59, 3.745
MethodReflection, 60, 4.044
MethodReflection, 61, 3.842
MethodReflection, 62, 3.787
MethodReflection, 63, 3.972
MethodReflection, 64, 2.878
MethodReflection, 65, 3.733
MethodReflection, 66, 3.637
MethodReflection, 67, 3.832
MethodReflection, 68, 3.765
MethodReflection, 69, 2.719
MethodReflection, 70, 3.842
MethodReflection, 71, 3.726
MethodReflection, 72, 3.810
MethodReflection, 73, 3.869
MethodReflection, 74, 3.637
MethodReflection, 75, 3.693
MethodReflection, 76, 3.694
MethodReflection, 77, 4.085
MethodReflection, 78, 3.878
MethodReflection, 79, 3.791
MethodReflection, 80, 3.746
MethodReflection, 81, 3.660
MethodReflection, 82, 3.839
MethodReflection, 83, 3.709
MethodReflection, 84, 3.717
MethodReflection, 85, 3.808
MethodReflection, 86, 3.764
MethodReflection, 87, 3.786
MethodReflection, 88, 3.720
MethodReflection, 89, 3.691
MethodReflection, 90, 3.856
MethodReflection, 91, 3.746
MethodReflection, 92, 3.737
MethodReflection, 93, 3.781
MethodReflection, 94, 3.827
MethodReflection, 95, 3.681
MethodReflection, 96, 3.792
MethodReflection, 97, 3.793
MethodReflection, 98, 3.758
MethodReflection, 99, 3.695
MethodReflection, 100, 3.621
MethodReflection, 101, 2.822
MethodReflection, 102, 3.687
MethodReflection, 103, 2.884
MethodReflection, 104, 3.723
MethodReflection, 105, 3.756
MethodReflection, 106, 3.721
MethodReflection, 107, 3.730
MethodReflection, 108, 3.790
MethodReflection, 109, 3.773
MethodReflection, 110, 2.665
MethodReflection, 111, 3.906
MethodReflection, 112, 3.730
MethodReflection, 113, 3.664
MethodReflection, 114, 3.755
MethodReflection, 115, 3.832
MethodReflection, 116, 3.802
MethodReflection, 117, 3.796
MethodReflection, 118, 2.918
MethodReflection, 119, 3.778
MethodReflection, 120, 3.757
MethodReflection, 121, 3.770
MethodReflection, 122, 3.727
MethodReflection, 123, 4.505
MethodReflection, 124, 4.096
MethodReflection, 125, 4.160
MethodReflection, 126, 3.947
MethodReflection, 127, 3.993
MethodReflection, 128, 3.741
MethodReflection, 129, 3.732
MethodReflection, 130, 3.735
MethodReflection, 131, 3.763
MethodReflection, 132, 3.825
MethodReflection, 133, 3.669
MethodReflection, 134, 3.817
MethodReflection, 135, 3.694
MethodReflection, 136, 3.772
MethodReflection, 137, 3.901
MethodReflection, 138, 2.802
MethodReflection, 139, 3.724
MethodReflection, 140, 3.718
MethodReflection, 141, 3.929
MethodReflection, 142, 3.673
MethodReflection, 143, 3.755
MethodReflection, 144, 3.806
MethodReflection, 145, 3.762
MethodReflection, 146, 3.893
MethodReflection, 147, 3.689
MethodReflection, 148, 3.801
MethodReflection, 149, 3.969
MethodReflection, 150, 3.679
MethodReflection, 151, 3.801
MethodReflection, 152, 3.687
MethodReflection, 153, 3.724
MethodReflection, 154, 3.846
MethodReflection, 155, 3.759
MethodReflection, 156, 2.662
MethodReflection, 157, 3.643
MethodReflection, 158, 3.701
MethodReflection, 159, 3.720
MethodReflection, 160, 3.820
MethodReflection, 161, 3.793
MethodReflection, 162, 3.864
MethodReflection, 163, 3.893
MethodReflection, 164, 3.769
MethodReflection, 165, 3.684
MethodReflection, 166, 3.688
MethodReflection, 167, 3.695
MethodReflection, 168, 3.787
MethodReflection, 169, 3.854
MethodReflection, 170, 3.721
MethodReflection, 171, 3.772
MethodReflection, 172, 3.755
MethodReflection, 173, 3.716
MethodReflection, 174, 3.703
MethodReflection, 175, 3.729
MethodReflection, 176, 3.724
MethodReflection, 177, 3.669
MethodReflection, 178, 3.690
MethodReflection, 179, 3.730
MethodReflection, 180, 3.783
MethodReflection, 181, 4.136
MethodReflection, 182, 2.763
MethodReflection, 183, 3.874
MethodReflection, 184, 3.765
MethodReflection, 185, 3.885
MethodReflection, 186, 3.792
MethodReflection, 187, 2.696
MethodReflection, 188, 4.021
MethodReflection, 189, 3.888
MethodReflection, 190, 3.763
MethodReflection, 191, 3.694
MethodReflection, 192, 3.619
MethodReflection, 193, 3.751
MethodReflection, 194, 3.763
MethodReflection, 195, 3.694
MethodReflection, 196, 3.738
MethodReflection, 197, 3.725
MethodReflection, 198, 3.755
MethodReflection, 199, 3.777
MethodReflection, 200, 3.872
MethodReflection, 201, 3.674
MethodReflection, 202, 3.780
MethodReflection, 203, 3.771
MethodReflection, 204, 3.819
MethodReflection, 205, 3.685
MethodReflection, 206, 3.989
MethodReflection, 207, 4.039
MethodReflection, 208, 3.771
MethodReflection, 209, 3.756
MethodReflection, 210, 3.794
MethodReflection, 211, 3.805
MethodReflection, 212, 3.959
MethodReflection, 213, 3.726
MethodReflection, 214, 2.629
MethodReflection, 215, 3.916
MethodReflection, 216, 3.764
MethodReflection, 217, 3.740
MethodReflection, 218, 3.686
MethodReflection, 219, 3.811
MethodReflection, 220, 3.757
MethodReflection, 221, 3.776
MethodReflection, 222, 3.681
MethodReflection, 223, 3.627
MethodReflection, 224, 2.846
MethodReflection, 225, 3.723
MethodReflection, 226, 3.812
MethodReflection, 227, 3.657
MethodReflection, 228, 3.701
MethodReflection, 229, 3.642
MethodReflection, 230, 3.767
MethodReflection, 231, 3.937
MethodReflection, 232, 4.061
MethodReflection, 233, 3.813
MethodReflection, 234, 3.883
MethodReflection, 235, 3.920
MethodReflection, 236, 3.893
MethodReflection, 237, 3.980
MethodReflection, 238, 3.710
MethodReflection, 239, 3.803
MethodReflection, 240, 3.804
MethodReflection, 241, 3.775
MethodReflection, 242, 3.816
MethodReflection, 243, 2.703
MethodReflection, 244, 3.908
MethodReflection, 245, 3.698
MethodReflection, 246, 3.657
MethodReflection, 247, 3.787
MethodReflection, 248, 3.726
MethodReflection, 249, 3.746
MethodReflection, 250, 3.755
MethodReflection, 251, 3.723
MethodReflection, 252, 3.973
MethodReflection, 253, 3.845
MethodReflection, 254, 3.615
MethodReflection, 255, 3.836
MethodReflection, 256, 3.857
MethodReflection, 257, 2.634
MethodReflection, 258, 3.837
MethodReflection, 259, 3.751
MethodReflection, 260, 3.836
MethodReflection, 261, 2.663
MethodReflection, 262, 3.728
MethodReflection, 263, 3.838
MethodReflection, 264, 3.704
MethodReflection, 265, 3.945
MethodReflection, 266, 4.066
MethodReflection, 267, 3.826
MethodReflection, 268, 3.945
MethodReflection, 269, 3.731
MethodReflection, 270, 3.745
MethodReflection, 271, 3.671
MethodReflection, 272, 3.777
MethodReflection, 273, 3.696
MethodReflection, 274, 3.921
MethodReflection, 275, 3.790
MethodReflection, 276, 3.884
MethodReflection, 277, 3.734
MethodReflection, 278, 3.679
MethodReflection, 279, 3.862
MethodReflection, 280, 3.646
MethodReflection, 281, 3.766
MethodReflection, 282, 3.800
MethodReflection, 283, 3.681
MethodReflection, 284, 3.658
MethodReflection, 285, 3.686
MethodReflection, 286, 3.733
MethodReflection, 287, 3.721
MethodReflection, 288, 3.764
MethodReflection, 289, 3.718
MethodReflection, 290, 4.073
MethodReflection, 291, 3.774
MethodReflection, 292, 3.898
MethodReflection, 293, 3.790
MethodReflection, 294, 3.790
MethodReflection, 295, 3.609
MethodReflection, 296, 3.735
MethodReflection, 297, 3.768
MethodReflection, 298, 3.985
MethodReflection, 299, 3.736
MethodReflection, 300, 3.876
MethodReflection, 301, 3.789
MethodReflection, 302, 3.965
MethodReflection, 303, 3.745
MethodReflection, 304, 3.813
MethodReflection, 305, 3.663
MethodReflection, 306, 3.740
MethodReflection, 307, 3.781
MethodReflection, 308, 3.837
MethodReflection, 309, 3.848
MethodReflection, 310, 3.694
MethodReflection, 311, 3.801
MethodReflection, 312, 3.651
MethodReflection, 313, 3.653
MethodReflection, 314, 2.823
MethodReflection, 315, 3.927
MethodReflection, 316, 3.713
MethodReflection, 317, 3.691
MethodReflection, 318, 3.780
MethodReflection, 319, 3.810
MethodReflection, 320, 2.699
MethodReflection, 321, 2.720
MethodReflection, 322, 2.796
MethodReflection, 323, 3.709
MethodReflection, 324, 3.692
MethodReflection, 325, 3.790
MethodReflection, 326, 3.721
MethodReflection, 327, 3.861
MethodReflection, 328, 3.762
MethodReflection, 329, 3.809
MethodReflection, 330, 3.807
MethodReflection, 331, 3.810
MethodReflection, 332, 3.766
MethodReflection, 333, 3.815
MethodReflection, 334, 3.816
MethodReflection, 335, 3.998
MethodReflection, 336, 3.783
MethodReflection, 337, 3.738
MethodReflection, 338, 3.673
MethodReflection, 339, 3.856
MethodReflection, 340, 3.697
MethodReflection, 341, 3.880
MethodReflection, 342, 3.647
MethodReflection, 343, 3.737
MethodReflection, 344, 3.709
MethodReflection, 345, 3.720
MethodReflection, 346, 3.804
MethodReflection, 347, 3.697
MethodReflection, 348, 3.846
MethodReflection, 349, 4.158
MethodReflection, 350, 3.774
MethodReflection, 351, 3.901
MethodReflection, 352, 3.645
MethodReflection, 353, 4.095
MethodReflection, 354, 3.837
MethodReflection, 355, 3.660
MethodReflection, 356, 3.739
MethodReflection, 357, 3.781
MethodReflection, 358, 3.755
MethodReflection, 359, 2.642
MethodReflection, 360, 3.790
MethodReflection, 361, 3.736
MethodReflection, 362, 3.626
MethodReflection, 363, 3.651
MethodReflection, 364, 3.853
MethodReflection, 365, 3.678
MethodReflection, 366, 3.742
MethodReflection, 367, 3.963
MethodReflection, 368, 3.665
MethodReflection, 369, 3.784
MethodReflection, 370, 3.636
MethodReflection, 371, 3.912
MethodReflection, 372, 3.819
MethodReflection, 373, 3.758
MethodReflection, 374, 2.678
MethodReflection, 375, 3.779
MethodReflection, 376, 3.887
MethodReflection, 377, 3.834
MethodReflection, 378, 3.758
MethodReflection, 379, 3.665
MethodReflection, 380, 4.286
MethodReflection, 381, 3.921
MethodReflection, 382, 3.872
MethodReflection, 383, 4.210
MethodReflection, 384, 3.766
MethodReflection, 385, 3.768
MethodReflection, 386, 2.764
MethodReflection, 387, 3.757
MethodReflection, 388, 3.688
MethodReflection, 389, 4.061
MethodReflection, 390, 3.838
MethodReflection, 391, 2.663
MethodReflection, 392, 4.087
MethodReflection, 393, 2.731
MethodReflection, 394, 3.692
MethodReflection, 395, 3.912
MethodReflection, 396, 3.666
MethodReflection, 397, 3.810
MethodReflection, 398, 3.765
MethodReflection, 399, 3.740
MethodReflection, 400, 3.704
MethodReflection, 401, 3.751
MethodReflection, 402, 3.892
MethodReflection, 403, 3.705
MethodReflection, 404, 3.775
MethodReflection, 405, 3.929
MethodReflection, 406, 3.685
MethodReflection, 407, 3.901
MethodReflection, 408, 3.833
MethodReflection, 409, 3.784
MethodReflection, 410, 3.906
MethodReflection, 411, 3.723
MethodReflection, 412, 3.905
MethodReflection, 413, 2.652
MethodReflection, 414, 3.885
MethodReflection, 415, 3.744
MethodReflection, 416, 3.624
MethodReflection, 417, 3.908
MethodReflection, 418, 3.813
MethodReflection, 419, 3.751
MethodReflection, 420, 3.776
MethodReflection, 421, 2.736
MethodReflection, 422, 3.748
MethodReflection, 423, 3.810
MethodReflection, 424, 3.797
MethodReflection, 425, 3.808
MethodReflection, 426, 3.785
MethodReflection, 427, 3.724
MethodReflection, 428, 3.733
MethodReflection, 429, 3.737
MethodReflection, 430, 3.889
MethodReflection, 431, 3.927
MethodReflection, 432, 3.691
MethodReflection, 433, 3.873
MethodReflection, 434, 3.723
MethodReflection, 435, 3.898
MethodReflection, 436, 3.863
MethodReflection, 437, 3.664
MethodReflection, 438, 3.725
MethodReflection, 439, 3.653
MethodReflection, 440, 3.828
MethodReflection, 441, 3.659
MethodReflection, 442, 4.016
MethodReflection, 443, 3.775
MethodReflection, 444, 3.700
MethodReflection, 445, 3.771
MethodReflection, 446, 3.809
MethodReflection, 447, 3.838
MethodReflection, 448, 3.876
MethodReflection, 449, 3.739
MethodReflection, 450, 4.080
MethodReflection, 451, 3.802
MethodReflection, 452, 3.755
MethodReflection, 453, 3.750
MethodReflection, 454, 3.673
MethodReflection, 455, 3.699
MethodReflection, 456, 3.712
MethodReflection, 457, 3.814
MethodReflection, 458, 3.752
MethodReflection, 459, 2.912
MethodReflection, 460, 3.782
MethodReflection, 461, 4.141
MethodReflection, 462, 4.298
MethodReflection, 463, 3.880
MethodReflection, 464, 3.738
MethodReflection, 465, 3.869
MethodReflection, 466, 2.830
MethodReflection, 467, 3.769
MethodReflection, 468, 3.901
MethodReflection, 469, 3.730
MethodReflection, 470, 3.637
MethodReflection, 471, 4.119
MethodReflection, 472, 3.725
MethodReflection, 473, 3.880
MethodReflection, 474, 3.779
MethodReflection, 475, 3.872
MethodReflection, 476, 3.674
MethodReflection, 477, 3.676
MethodReflection, 478, 3.804
MethodReflection, 479, 3.713
MethodReflection, 480, 3.700
MethodReflection, 481, 4.210
MethodReflection, 482, 3.672
MethodReflection, 483, 3.757
MethodReflection, 484, 3.758
MethodReflection, 485, 3.694
MethodReflection, 486, 2.666
MethodReflection, 487, 3.814
MethodReflection, 488, 3.848
MethodReflection, 489, 3.824
MethodReflection, 490, 3.708
MethodReflection, 491, 4.463
MethodReflection, 492, 3.625
MethodReflection, 493, 3.754
MethodReflection, 494, 3.736
MethodReflection, 495, 3.647
MethodReflection, 496, 4.143
MethodReflection, 497, 3.811
MethodReflection, 498, 3.756
MethodReflection, 499, 3.727
MethodReflection, 500, 3.826